{
    "best_val_accuracy": 0.9444444444444444,
    "last_val_accuracy": 0.8055555555555556,
    "train_loss": [
        1.595339012145996,
        0.7967697978019714,
        0.5615553259849548,
        0.4940890669822693,
        0.28141951411962507,
        0.16808105260133743,
        0.11228460222482681,
        0.09435448423027992,
        0.07470403164625168,
        0.10918476432561874,
        0.12973008956760168,
        0.07996302917599678
    ],
    "val_loss": [
        1.5057870568707585,
        2.148406147956848,
        1.5916111767292023,
        2.3795260190963745,
        1.3200380206108093,
        1.341120358556509,
        0.9636441320180893,
        0.18799927830696106,
        0.2591783106327057,
        0.3877710625529289,
        0.3639037162065506,
        0.4092118442058563
    ],
    "val_acc": [
        0.4722222222222222,
        0.5,
        0.5555555555555556,
        0.7222222222222222,
        0.75,
        0.5833333333333334,
        0.6111111111111112,
        0.8888888888888888,
        0.9444444444444444,
        0.9166666666666666,
        0.8888888888888888,
        0.8055555555555556
    ]
}